,Date,Paragraph,Extracted,Plus,Place
29,2024-07-09,18時5分　国家安全保障局長。55分　東京・紀尾井町のホテルニューオータニ。日本料理店「千羽鶴」で関口参院議員会長と会食。,日本料理店「千羽鶴」で関口参院議員会長と,,
52,2024-07-05,19時9分　東京・銀座の日本料理店「新ばし金田中」。片野坂真哉ANAホールディングス会長、日比野隆司大和証券特別顧問、兵頭誠之住友商事会長、深沢祐二JR東日本会長、武藤敏郎大和総研名誉理事、吉田憲一郎ソニーグループ会長と会食。,片野坂真哉ANAホールディングス会長、日比野隆司大和証券特別顧問、兵頭誠之住友商事会長、深沢祐二JR東日本会長、武藤敏郎大和総研名誉理事、吉田憲一郎ソニーグループ会長と,,19時9分　東京・銀座の日本料理店「新ばし金田中」。片野坂真哉ANAホールディングス会長、日比野隆司大和証券特別顧問、兵頭誠之住友商事会長、深沢祐二JR東日本会長、武藤敏郎大和総研名誉理事、吉田憲一郎ソニーグループ会長と会食。
75,2024-07-01,17時7分　官邸。10分　小林内閣広報官に辞令交付。林官房長官、四方前内閣広報官同席。22分　浮島智子公明党教育改革推進本部長から提言書受け取り。59分　東京・紀尾井町のホテルニューオータニ。日本料理店「千羽鶴」で榊原定征経団連名誉会長、冨田哲郎JR東日本相談役ら財界人と会食。,日本料理店「千羽鶴」で榊原定征経団連名誉会長、冨田哲郎JR東日本相談役ら財界人と,,
101,2024-06-27,18時30分　東京・紀尾井町のホテルニューオータニ。中国料理店「大観苑」で遠藤利明前総務会長、石破茂元幹事長ら全国の衆院1区を選挙区とする議員と会食。,中国料理店「大観苑」で遠藤利明前総務会長、石破茂元幹事長ら全国の衆院1区を選挙区とする議員と,,
102,2024-06-27,19時11分　東京・赤坂の日本料理店「赤坂浅田」。森山総務会長と会食。,森山総務会長と,,19時11分　東京・赤坂の日本料理店「赤坂浅田」。森山総務会長と会食。
110,2024-06-26,18時25分　東京・永田町のザ・キャピトルホテル東急。日本料理店「水簾」で国場幸之助、田野瀬太道両衆院議員らと会食。,日本料理店「水簾」で国場幸之助、田野瀬太道両衆院議員らと,,
120,2024-06-25,18時40分　東京・内幸町の帝国ホテル。鉄板焼き店「嘉門」で副総裁と会食。,鉄板焼き店「嘉門」で副総裁と,,
131,2024-06-24,18時50分　東京・西大井の迎賓施設「志高荘」。似鳥昭雄ニトリホールディングス会長らと会食。根本匠、平井卓也、金子恭之各衆院議員、宮沢洋一参院議員同席。,似鳥昭雄ニトリホールディングス会長らと,根本匠、平井卓也、金子恭之各衆院議員、宮沢洋一参院議員同席,18時50分　東京・西大井の迎賓施設「志高荘」。似鳥昭雄ニトリホールディングス会長らと会食。根本匠、平井卓也、金子恭之各衆院議員、宮沢洋一参院議員同席。
174,2024-06-18,18時7分　官邸。12分　デジタル行財政改革会議。25分　東京・虎ノ門のホテル「The Okura Tokyo」。日本料理店「山里」で副総裁と会食。,日本料理店「山里」で副総裁と,,
299,2024-05-30,19時45分　東京・内幸町の帝国ホテル。宴会場「雅の間」で茂木友三郎キッコーマン名誉会長らと会食。,宴会場「雅の間」で茂木友三郎キッコーマン名誉会長らと,,
308,2024-05-29,18時53分　東京・丸の内のパレスホテル東京。日本料理店「和田倉」で麻生副総裁、幹事長と会食。,日本料理店「和田倉」で麻生副総裁、幹事長と,,
396,2024-05-15,18時3分　情報保全諮問会議。30分　公邸。31分　石井参院国対委員長、佐藤参院国対委員長代行、磯崎参院国対委員長代理らと会食。林、森屋正副官房長官同席。,石井参院国対委員長、佐藤参院国対委員長代行、磯崎参院国対委員長代理らと,林、森屋正副官房長官同席,18時3分　情報保全諮問会議。30分　公邸。31分　石井参院国対委員長、佐藤参院国対委員長代行、磯崎参院国対委員長代理らと会食。林、森屋正副官房長官同席。
403,2024-05-14,18時27分　東京・六本木の会員制社交クラブ「東京倶楽部」。関根正裕商工中金社長らと会食。,関根正裕商工中金社長らと,,18時27分　東京・六本木の会員制社交クラブ「東京倶楽部」。関根正裕商工中金社長らと会食。
707,2024-03-27,12時9分　東京・紀尾井町のホテルニューオータニ。日本料理店「千羽鶴」で麻生副総裁、茂木幹事長と会食。林官房長官同席。,日本料理店「千羽鶴」で麻生副総裁、茂木幹事長と,林官房長官同席,
746,2024-03-22,18時2分　月例経済報告関係閣僚会議。32分　東京・虎ノ門のホテル「The Okura Tokyo」。日本料理店「山里」で日枝久フジサンケイグループ代表と会食。,日本料理店「山里」で日枝久フジサンケイグループ代表と,,
832,2024-03-09,17時56分　東京・丸の内のパレスホテル東京。日本料理店「和田倉」で麻生副総裁と会食。,日本料理店「和田倉」で麻生副総裁と,,
839,2024-03-08,19時3分　東京・虎ノ門のホテル「The Okura Tokyo」。日本料理店「山里」で工藤泰志言論NPO代表、武藤敏郎大和総研名誉理事と会食。,日本料理店「山里」で工藤泰志言論NPO代表、武藤敏郎大和総研名誉理事と,,
947,2024-02-23,17時55分　東京・虎ノ門のホテル「The Okura Tokyo」。中国料理店「桃花林」で浜田国対委員長、御法川国対委員長代理、木原幹事長代理と会食。,中国料理店「桃花林」で浜田国対委員長、御法川国対委員長代理、木原幹事長代理と,,
972,2024-02-20,18時　「世界青年の船」参加者の表敬。27分　東京・丸の内のパレスホテル東京。日本料理店「和田倉」で麻生副総裁と会食。,日本料理店「和田倉」で麻生副総裁と,,
990,2024-02-16,11時20分　日中経済協会合同代表団の表敬。58分　東京・虎ノ門のホテル「The Okura Tokyo」。日本料理店「山里」で麻生副総裁、茂木幹事長と会食。,日本料理店「山里」で麻生副総裁、茂木幹事長と,,
1150,2024-01-23,11時7分　片山正則日本自動車工業会会長。55分　東京・紀尾井町のホテルニューオータニ。日本料理店「千羽鶴」で麻生副総裁、茂木幹事長、林官房長官と会食。,日本料理店「千羽鶴」で麻生副総裁、茂木幹事長、林官房長官と,,
1164,2024-01-21,17時53分　東京・虎ノ門のホテル「The Okura Tokyo」。日本料理店「山里」で麻生副総裁と会食。,日本料理店「山里」で麻生副総裁と,,
1332,2023-12-26,11時26分　国家安全保障局長、外務次官。33分　国家安全保障局長、原内閣情報官。41分　内閣情報官。57分　東京・虎ノ門のホテル「The Okura Tokyo」。中国料理店「桃花林」で財務相と会食。,中国料理店「桃花林」で財務相と,,
1365,2023-12-22,18時25分　報道各社のインタビュー。37分　東京・紀尾井町のホテルニューオータニ。会員制クラブ「ガーデンコートクラブ」で山本有二衆院議員、野本弘文東急会長らと会食。,会員制クラブ「ガーデンコートクラブ」で山本有二衆院議員、野本弘文東急会長らと,,
1375,2023-12-21,18時9分　東京・紀尾井町のホテルニューオータニ。宴会場「芙蓉の間」で日本プロスポーツ大賞授賞式典に出席し、祝辞。ワールド・ベースボール・クラシック（WBC）優勝の野球日本代表に内閣総理大臣杯を授与。記念撮影。42分　東京・平河町のホテル「ルポール麴町」。宴会場「マーブル」で政治解説者の篠原文也氏の懇親会に出席し、あいさつ。56分　東京・永田町のザ・キャピトルホテル東急。日本料理店「水簾」で森山総務会長と会食。,日本料理店「水簾」で森山総務会長と,,
1395,2023-12-19,19時45分　東京・平河町の中国料理店「赤坂四川飯店」。中本隆志広島県議会議長らと会食。,中本隆志広島県議会議長らと,,19時45分　東京・平河町の中国料理店「赤坂四川飯店」。中本隆志広島県議会議長らと会食。
1405,2023-12-18,18時31分　報道各社のインタビュー。46分　東京・内幸町の帝国ホテル。宴会場「孔雀の間」で年末エコノミスト懇親会に出席し、あいさつ。鉄板焼き店「嘉門」で石原伸晃元幹事長、石原補佐官と会食。,鉄板焼き店「嘉門」で石原伸晃元幹事長、石原補佐官と,,
1435,2023-12-14,19時8分　報道各社のインタビュー。26分　東京・六本木の京料理、鉄板焼き店「花郷　六本木店」。党の「責任ある積極財政を推進する議員連盟」の中村裕之共同代表らと会食。,党の「責任ある積極財政を推進する議員連盟」の中村裕之共同代表らと,,19時8分　報道各社のインタビュー。26分　東京・六本木の京料理、鉄板焼き店「花郷　六本木店」。党の「責任ある積極財政を推進する議員連盟」の中村裕之共同代表らと会食。
1443,2023-12-12,18時22分　報道各社のインタビュー。32分　東京・紀尾井町のホテルニューオータニ。宴会場「AKEBONO」で米穀類卸売業「ミツハシ」の三橋美幸代表取締役会長兼最高経営責任者（CEO）、総合印刷業「久栄社」の田畠久義取締役会長らと会食。,宴会場「AKEBONO」で米穀類卸売業「ミツハシ」の三橋美幸代表取締役会長兼最高経営責任者（CEO）、総合印刷業「久栄社」の田畠久義取締役会長らと,,
1505,2023-12-05,19時14分　報道各社のインタビュー。26分　東京・銀座の日本料理店「新ばし金田中」。花角英世新潟県知事、武藤敏郎大和総研名誉理事らと会食。,花角英世新潟県知事、武藤敏郎大和総研名誉理事らと,,19時14分　報道各社のインタビュー。26分　東京・銀座の日本料理店「新ばし金田中」。花角英世新潟県知事、武藤敏郎大和総研名誉理事らと会食。
1565,2023-11-24,19時　東京・赤坂の中国料理店「広東名菜　赤坂璃宮」。広島市の下岸建設の下岸宏靖社長らと会食。39分　公邸。,広島市の下岸建設の下岸宏靖社長らと,,19時　東京・赤坂の中国料理店「広東名菜　赤坂璃宮」。広島市の下岸建設の下岸宏靖社長らと会食。39分　公邸。
1580,2023-11-22,18時27分　東京・紀尾井町のホテルニューオータニ。宴会場「おり鶴・悠の間」で広島県商工会連合会の懇親会に出席し、あいさつ。52分　東京・丸の内のパレスホテル東京。中国料理店「琥珀宮」で松本正義関西経済連合会会長らと会食。盛山文科相、村井副長官同席。,中国料理店「琥珀宮」で松本正義関西経済連合会会長らと,盛山文科相、村井副長官同席,
1581,2023-11-22,19時42分　東京・東麻布のうなぎ料理店「五代目　野田岩　別館」。広島県議会議長ら全国都道府県議会議長会の経済産業環境委員と会食。,広島県議会議長ら全国都道府県議会議長会の経済産業環境委員と,,19時42分　東京・東麻布のうなぎ料理店「五代目　野田岩　別館」。広島県議会議長ら全国都道府県議会議長会の経済産業環境委員と会食。
1699,2023-11-07,18時9分　岡村会計検査院長から22年度決算検査報告受け取り。50分　東京・紀尾井町のホテルニューオータニ。日本料理店「千羽鶴」で山道裕己日本取引所グループ最高経営責任者（CEO）、松下浩一投資信託協会会長らと会食。,日本料理店「千羽鶴」で山道裕己日本取引所グループ最高経営責任者（CEO）、松下浩一投資信託協会会長らと,,
1742,2023-10-30,19時46分　東京・日本橋人形町のすき焼き店「人形町今半人形町本店」。中本隆志広島県議会議長らと会食。,中本隆志広島県議会議長らと,,19時46分　東京・日本橋人形町のすき焼き店「人形町今半人形町本店」。中本隆志広島県議会議長らと会食。
1870,2023-10-13,18時26分　報道各社のインタビュー。40分　東京・六本木の「ステーキハウスハマ　六本木本店」。世耕参院幹事長と会食。,世耕参院幹事長と,,18時26分　報道各社のインタビュー。40分　東京・六本木の「ステーキハウスハマ　六本木本店」。世耕参院幹事長と会食。
1963,2023-09-30,18時　のぞみ77号でJR京都駅。21分　京都市中京区の「御肉処　銀閣寺大にし」。西田昌司、吉井章両参院議員らと会食。,西田昌司、吉井章両参院議員らと,,18時　のぞみ77号でJR京都駅。21分　京都市中京区の「御肉処　銀閣寺大にし」。西田昌司、吉井章両参院議員らと会食。
1985,2023-09-27,11時2分　藤原、鈴木新旧青年局長ら。19分　秋葉国家安全保障局長、外務省の岡野次官、船越外務審議官、金井国際文化交流審議官、鯰アジア大洋州局長、中村南部アジア部長、有馬北米局長。38分　国家安全保障局長、外務省の次官、船越外務審議官。59分　東京・紀尾井町のホテルニューオータニ。日本料理店「千羽鶴」で麻生副総裁、茂木幹事長、松野官房長官と会食。,日本料理店「千羽鶴」で麻生副総裁、茂木幹事長、松野官房長官と,,
2109,2023-09-01,19時7分　東京・銀座の日本料理店「柿安　銀座店」。松野官房長官、塩谷立安倍派座長、高木国対委員長、世耕参院幹事長と会食。,松野官房長官、塩谷立安倍派座長、高木国対委員長、世耕参院幹事長と,,19時7分　東京・銀座の日本料理店「柿安　銀座店」。松野官房長官、塩谷立安倍派座長、高木国対委員長、世耕参院幹事長と会食。
2122,2023-08-31,19時16分　東京・銀座の日本料理店「新ばし金田中」。武藤敏郎大和総研名誉理事、鈴木与平鈴与会長と会食。,武藤敏郎大和総研名誉理事、鈴木与平鈴与会長と,,19時16分　東京・銀座の日本料理店「新ばし金田中」。武藤敏郎大和総研名誉理事、鈴木与平鈴与会長と会食。
2132,2023-08-30,18時7分　報道各社のインタビュー。33分　東京・神楽坂の日本料理店「八仙」。茶谷財務次官、関根正裕商工中金社長、木下康司日本取引所グループ（JPX）取締役会議長と会食。,茶谷財務次官、関根正裕商工中金社長、木下康司日本取引所グループ（JPX）取締役会議長と,,18時7分　報道各社のインタビュー。33分　東京・神楽坂の日本料理店「八仙」。茶谷財務次官、関根正裕商工中金社長、木下康司日本取引所グループ（JPX）取締役会議長と会食。
2141,2023-08-29,18時29分　報道各社のインタビュー。37分　東京・紀尾井町のホテルニューオータニ。宴会場「AKEBONO」で運送業「カトーレック」の加藤英輔社長、台所機器メーカー「フジマック」の熊谷俊範会長と会食。,宴会場「AKEBONO」で運送業「カトーレック」の加藤英輔社長、台所機器メーカー「フジマック」の熊谷俊範会長と,,
2166,2023-08-25,17時17分　那覇市のホテル「ザ・ナハテラス」。和食レストラン「真南風」で国場幸之助衆院議員らと会食。,和食レストラン「真南風」で国場幸之助衆院議員らと,,
2177,2023-08-24,18時41分　報道各社のインタビュー。56分　東京・丸の内のパレスホテル東京。中国料理店「琥珀宮」で関口参院議員会長と会食。,中国料理店「琥珀宮」で関口参院議員会長と,,
2184,2023-08-23,18時27分　東京・丸の内のパレスホテル東京。フランス料理店「エステール」で森喜朗元首相、山本有二元農相、笹川陽平日本財団会長、日枝久フジサンケイグループ代表と会食。,フランス料理店「エステール」で森喜朗元首相、山本有二元農相、笹川陽平日本財団会長、日枝久フジサンケイグループ代表と,,
2194,2023-08-22,18時10分　報道各社のインタビュー。32分　東京・芝の「ホテル　ザ　セレスティン東京芝」。フランス料理店「ラ　プルーズ東京」で根本岸田派事務総長、全国商工会連合会の森義久、轡田倉治正副会長と会食。,プルーズ東京」で根本岸田派事務総長、全国商工会連合会の森義久、轡田倉治正副会長と,,
2248,2023-08-10,18時27分　かがやき510号でJR東京駅。47分　東京・紀尾井町のホテルニューオータニ。日本料理店「千羽鶴」で松野官房長官と会食。,日本料理店「千羽鶴」で松野官房長官と,,
2296,2023-08-04,19時5分　包括的核実験禁止条約（CTBT）機構準備委員会のフロイド事務局長と電話。51分　東京・赤坂の日本料理店「赤坂浅田」。遠藤総務会長、石破茂元幹事長と会食。,遠藤総務会長、石破茂元幹事長と,,19時5分　包括的核実験禁止条約（CTBT）機構準備委員会のフロイド事務局長と電話。51分　東京・赤坂の日本料理店「赤坂浅田」。遠藤総務会長、石破茂元幹事長と会食。
2323,2023-08-01,18時29分　東京・赤坂の焼肉店「叙々苑游玄亭赤坂」。松野官房長官と会食。,松野官房長官と,,18時29分　東京・赤坂の焼肉店「叙々苑游玄亭赤坂」。松野官房長官と会食。
2357,2023-07-26,11時56分　東京・赤坂のANAインターコンチネンタルホテル東京。中国料理店「花梨」で麻生副総裁、茂木幹事長、松野官房長官と会食。,中国料理店「花梨」で麻生副総裁、茂木幹事長、松野官房長官と,,
2363,2023-07-26,18時54分　東京・銀座の日本料理店「新ばし金田中」。加藤厚労相、横倉義武元日本医師会会長と会食。,加藤厚労相、横倉義武元日本医師会会長と,,18時54分　東京・銀座の日本料理店「新ばし金田中」。加藤厚労相、横倉義武元日本医師会会長と会食。
2378,2023-07-24,18時23分　東京・虎ノ門のホテル「The Okura Tokyo」。日本料理店「山里」で遠藤総務会長と会食。,日本料理店「山里」で遠藤総務会長と,,
2410,2023-07-19,18時5分　東京・永田町のザ・キャピトルホテル東急。宴会場「鳳凰」で都道府県議会議員初当選研修会の懇親会に出席。記念撮影。41分　東京・丸の内のパレスホテル東京。日本料理店「和田倉」で萩生田政調会長と会食。,日本料理店「和田倉」で萩生田政調会長と,,
2440,2023-07-10,18時24分　報道各社のインタビュー。36分　東京・六本木の「ステーキハウスハマ　六本木本店」。世耕参院幹事長、野上参院国対委員長と会食。,世耕参院幹事長、野上参院国対委員長と,,18時24分　報道各社のインタビュー。36分　東京・六本木の「ステーキハウスハマ　六本木本店」。世耕参院幹事長、野上参院国対委員長と会食。
2456,2023-07-07,18時4分　報道各社のインタビュー。15分　東京・永田町のザ・キャピトルホテル東急。日本料理店「水簾」で令和国民会議（令和臨調）共同代表の茂木友三郎キッコーマン名誉会長、佐々木毅元東大学長らと会食。木原副長官同席。,日本料理店「水簾」で令和国民会議（令和臨調）共同代表の茂木友三郎キッコーマン名誉会長、佐々木毅元東大学長らと,木原副長官同席,
2481,2023-07-04,18時6分　斉藤国交相、国交省の国土審議会の永野毅会長から国土形成計画案の報告。44分　報道各社のインタビュー。54分　東京・赤坂の日本料理店「赤坂梢」。元宿仁党本部事務総長と会食。,元宿仁党本部事務総長と,,18時6分　斉藤国交相、国交省の国土審議会の永野毅会長から国土形成計画案の報告。44分　報道各社のインタビュー。54分　東京・赤坂の日本料理店「赤坂梢」。元宿仁党本部事務総長と会食。
2498,2023-06-30,12時2分　東京・永田町のザ・キャピトルホテル東急。日本料理店「水簾」で森山選対委員長と会食。,日本料理店「水簾」で森山選対委員長と,,
2504,2023-06-30,18時27分　東京・赤坂の日本料理店「赤坂浅田」。総務相、厚労相、デジタル相と会食。松野官房長官同席。,総務相、厚労相、デジタル相と,松野官房長官同席,18時27分　東京・赤坂の日本料理店「赤坂浅田」。総務相、厚労相、デジタル相と会食。松野官房長官同席。
2509,2023-06-29,18時44分　東京・銀座の上一ビルディング。同ビル内のイタリア料理店「MERI Principessa」で平口洋衆院議員らと会食。,同ビル内のイタリア料理店「MERI Principessa」で平口洋衆院議員らと,,
2513,2023-06-28,12時1分　東京・紀尾井町のホテルニューオータニ。日本料理店「千羽鶴」で二階俊博元幹事長、林幹雄元幹事長代理と会食。,日本料理店「千羽鶴」で二階俊博元幹事長、林幹雄元幹事長代理と,,
2529,2023-06-27,18時58分　東京・銀座のすし店「銀座　鮨あらい」。麻生副総裁、茂木幹事長と会食。,麻生副総裁、茂木幹事長と,,18時58分　東京・銀座のすし店「銀座　鮨あらい」。麻生副総裁、茂木幹事長と会食。
2572,2023-06-20,12時　党新しい資本主義実行本部の甘利スタートアップ政策に関する小委員会委員長と会食。木原官房副長官、上山隆大総合科学技術・イノベーション会議議員、松尾内閣府科学技術・イノベーション推進事務局長同席。,党新しい資本主義実行本部の甘利スタートアップ政策に関する小委員会委員長と,木原官房副長官、上山隆大総合科学技術・イノベーション会議議員、松尾内閣府科学技術・イノベーション推進事務局長同席,12時　党新しい資本主義実行本部の甘利スタートアップ政策に関する小委員会委員長と会食。木原官房副長官、上山隆大総合科学技術・イノベーション会議議員、松尾内閣府科学技術・イノベーション推進事務局長同席。
2583,2023-06-19,18時31分　東京・西大井の迎賓施設「志高荘」。似鳥昭雄ニトリホールディングス会長らと会食。,似鳥昭雄ニトリホールディングス会長らと,,18時31分　東京・西大井の迎賓施設「志高荘」。似鳥昭雄ニトリホールディングス会長らと会食。
2602,2023-06-16,11時10分　福本拉致問題対策本部事務局長。58分　東京・紀尾井町のホテルニューオータニ。日本料理店「千羽鶴」で麻生副総裁、茂木幹事長、松野官房長官と会食。,日本料理店「千羽鶴」で麻生副総裁、茂木幹事長、松野官房長官と,,
2608,2023-06-16,19時5分　東京・銀座のすし店「贔屓」。井沢吉幸セブン&アイ・ホールディングス取締役、渥美直紀鹿島相談役、石塚邦雄伊藤忠商事取締役と会食。,井沢吉幸セブン&アイ・ホールディングス取締役、渥美直紀鹿島相談役、石塚邦雄伊藤忠商事取締役と,,19時5分　東京・銀座のすし店「贔屓」。井沢吉幸セブン&アイ・ホールディングス取締役、渥美直紀鹿島相談役、石塚邦雄伊藤忠商事取締役と会食。
2635,2023-06-13,19時58分　東京・銀座の日本料理店「新ばし金田中」。松山参院政審会長と会食。,松山参院政審会長と,,19時58分　東京・銀座の日本料理店「新ばし金田中」。松山参院政審会長と会食。
2665,2023-06-07,18時2分　ホテルニューオータニ。宴会場「鶴の間」で谷垣グループのパーティーに出席し、あいさつ。29分　公邸。32分　各府省庁の次官らと会食。松野、栗生正副官房長官同席。,各府省庁の次官らと,松野、栗生正副官房長官同席,18時2分　ホテルニューオータニ。宴会場「鶴の間」で谷垣グループのパーティーに出席し、あいさつ。29分　公邸。32分　各府省庁の次官らと会食。松野、栗生正副官房長官同席。
2675,2023-06-06,18時1分　東京・丸の内のパレスホテル東京。日本料理店「和田倉」で日枝久フジサンケイグループ代表と会食。,日本料理店「和田倉」で日枝久フジサンケイグループ代表と,,
2683,2023-06-05,18時2分　石塚駐ジョージア大使の新任あいさつ。36分　東京・銀座のオーストリア料理店「銀座ハプスブルク」。林外相、都倉文化庁長官と会食。,林外相、都倉文化庁長官と,,18時2分　石塚駐ジョージア大使の新任あいさつ。36分　東京・銀座のオーストリア料理店「銀座ハプスブルク」。林外相、都倉文化庁長官と会食。
2720,2023-05-31,18時　広島サミット県民会議の湯崎英彦、松井一実、池田晃治正副会長の表敬。26分　東京・内幸町の帝国ホテル。宴会場「雅の間」で茂木友三郎キッコーマン名誉会長らと会食。,宴会場「雅の間」で茂木友三郎キッコーマン名誉会長らと,,
2730,2023-05-30,18時54分　東京・赤坂の日本料理店「津やま」。遠藤総務会長と会食。小泉純一郎元首相とあいさつ。,遠藤総務会長と,,18時54分　東京・赤坂の日本料理店「津やま」。遠藤総務会長と会食。小泉純一郎元首相とあいさつ。
2740,2023-05-29,19時　東京・日本橋の日本橋高島屋三井ビルディング。同ビル内の会員制飲食店「オルクドール・サロンTOKYO」で浜田防衛相、根本匠衆院予算委員長、林幹雄、野田聖子両衆院議員ら当選同期と会食。,同ビル内の会員制飲食店「オルクドール・サロンTOKYO」で浜田防衛相、根本匠衆院予算委員長、林幹雄、野田聖子両衆院議員ら当選同期と,,
2749,2023-05-26,11時40分　東京・丸の内のパレスホテル東京。中国料理店「琥珀宮」で麻生副総裁、茂木幹事長、松野官房長官と会食。,中国料理店「琥珀宮」で麻生副総裁、茂木幹事長、松野官房長官と,,
2786,2023-05-21,19時26分　グランドプリンスホテル広島。ラウンジで裕子夫人、林外相、木原官房副長官らと会食。,ラウンジで裕子夫人、林外相、木原官房副長官らと,,
2887,2023-05-11,18時5分　ポーランドのラウ外相の表敬。47分　東京・虎ノ門のホテル「The Okura Tokyo」。日本料理店「山里」で参院予算委員会の末松委員長、藤川与党筆頭理事らと会食。松野、磯崎正副官房長官同席。,日本料理店「山里」で参院予算委員会の末松委員長、藤川与党筆頭理事らと,松野、磯崎正副官房長官同席,
2908,2023-05-09,19時9分　東京・銀座の日本料理店「加賀屋銀座店」。石井参院議院運営委員長、野上参院国対委員長、佐藤参院国対委員長代行、藤川参院国対委員長代理、松野、磯崎正副官房長官らと会食。,石井参院議院運営委員長、野上参院国対委員長、佐藤参院国対委員長代行、藤川参院国対委員長代理、松野、磯崎正副官房長官らと,,19時9分　東京・銀座の日本料理店「加賀屋銀座店」。石井参院議院運営委員長、野上参院国対委員長、佐藤参院国対委員長代行、藤川参院国対委員長代理、松野、磯崎正副官房長官らと会食。
2976,2023-04-27,18時8分　東京・内幸町の帝国ホテル。宴会場「孔雀の間」で経済同友会の懇談会に出席し、あいさつ。27分　東京・新橋の焼肉店「焼肉　たかやま　新橋店」。岸田派の宮沢洋一、松山政司、越智俊之各参院議員らと会食。,岸田派の宮沢洋一、松山政司、越智俊之各参院議員らと,,18時8分　東京・内幸町の帝国ホテル。宴会場「孔雀の間」で経済同友会の懇談会に出席し、あいさつ。27分　東京・新橋の焼肉店「焼肉　たかやま　新橋店」。岸田派の宮沢洋一、松山政司、越智俊之各参院議員らと会食。
2977,2023-04-27,19時17分　東京・赤坂のふぐ料理店「赤坂いづみ」。甘利明前幹事長と会食。,甘利明前幹事長と,,19時17分　東京・赤坂のふぐ料理店「赤坂いづみ」。甘利明前幹事長と会食。
2995,2023-04-25,12時1分　山口那津男公明党代表と会食。,山口那津男公明党代表と,,12時1分　山口那津男公明党代表と会食。
3001,2023-04-25,18時22分　東京・紀尾井町のホテルニューオータニ。宴会場「edo ROOM」で党憲法改正実現本部の会合に出席し、あいさつ。43分　東京・六本木の泉ガーデンタワー。同ビル内の「住友会館」で経団連の十倉雅和会長、佐藤康博、菰田正信、太田純、東原敏昭、橋本英二、久保田政一各副会長と会食。,同ビル内の「住友会館」で経団連の十倉雅和会長、佐藤康博、菰田正信、太田純、東原敏昭、橋本英二、久保田政一各副会長と,,
3014,2023-04-24,18時38分　帝国ホテル。宴会場「楓の間」で日本経済新聞社の岡田直敏会長、長谷部剛社長らと会食。,宴会場「楓の間」で日本経済新聞社の岡田直敏会長、長谷部剛社長らと,,
3055,2023-04-19,18時24分　東京・内幸町の帝国ホテル。宴会場「牡丹の間」で新潟日報の小田敏三会長ら地方紙会長、社長らと会食。,宴会場「牡丹の間」で新潟日報の小田敏三会長ら地方紙会長、社長らと,,
3061,2023-04-18,12時9分　森山選対委員長と会食。,森山選対委員長と,,12時9分　森山選対委員長と会食。
3085,20時11分　公邸。,18時29分　東京・南青山の天ぷら料理店「天ぷら　天青」で茂木幹事長と会食。,天青」で茂木幹事長と,,
3099,2023-04-15,11時1分　日本国際賞受賞者の中沢正隆東北大卓越教授、ゲロ・ミーゼンベック英オックスフォード大教授らの表敬。32分　東京・内幸町の帝国ホテル。宴会場「桜の間」で国内外の大手製薬会社の最高経営責任者（CEO）らによる会合「BCRミーティング」に出席し、あいさつ。51分　日本料理店「東京吉兆」で麻生副総裁、茂木幹事長と会食。,日本料理店「東京吉兆」で麻生副総裁、茂木幹事長と,,
3104,2023-04-15,18時10分　アラブ首長国連邦（UAE）のジャベル産業・先端技術相兼日本担当特使の表敬。31分　報道各社のインタビュー。37分　東京・赤坂の日本料理店「赤坂浅田」。宮沢税調会長、甘利明前幹事長、額賀福志郎元財務相、塩谷立元総務会長、石田広報本部長、森山選対委員長と会食。,宮沢税調会長、甘利明前幹事長、額賀福志郎元財務相、塩谷立元総務会長、石田広報本部長、森山選対委員長と,,18時10分　アラブ首長国連邦（UAE）のジャベル産業・先端技術相兼日本担当特使の表敬。31分　報道各社のインタビュー。37分　東京・赤坂の日本料理店「赤坂浅田」。宮沢税調会長、甘利明前幹事長、額賀福志郎元財務相、塩谷立元総務会長、石田広報本部長、森山選対委員長と会食。
3119,2023-04-12,18時33分　東京・永田町のザ・キャピトルホテル東急。中国料理店「星ケ岡」で和田義明、国場幸之助、田野瀬太道各衆院議員らと会食。,中国料理店「星ケ岡」で和田義明、国場幸之助、田野瀬太道各衆院議員らと,,
3164,2023-04-06,19時1分　東京・銀座の日本料理店「新ばし金田中」。森喜朗元首相、松山政司参院議員、岩沙弘道三井不動産取締役、押味至一鹿島会長、似鳥昭雄ニトリホールディングス会長らと会食。,森喜朗元首相、松山政司参院議員、岩沙弘道三井不動産取締役、押味至一鹿島会長、似鳥昭雄ニトリホールディングス会長らと,,19時1分　東京・銀座の日本料理店「新ばし金田中」。森喜朗元首相、松山政司参院議員、岩沙弘道三井不動産取締役、押味至一鹿島会長、似鳥昭雄ニトリホールディングス会長らと会食。
3190,2023-04-03,18時35分　東京・日本橋人形町の日本料理店「玄冶店　浜田家」。中曽根弘文日米国会議員連盟会長らによる米下院議員訪日団歓迎の夕食会に出席し、あいさつ。59分　東京・日比谷公園のフランス料理店「日比谷松本楼」。武井外務副大臣ら衆院議員と会食。,武井外務副大臣ら衆院議員と,,18時35分　東京・日本橋人形町の日本料理店「玄冶店　浜田家」。中曽根弘文日米国会議員連盟会長らによる米下院議員訪日団歓迎の夕食会に出席し、あいさつ。59分　東京・日比谷公園のフランス料理店「日比谷松本楼」。武井外務副大臣ら衆院議員と会食。
3200,2023-04-01,11時29分　同町の日本料理店「味感さとう」。復興相、内堀知事、吉田栄光町長らと会食。,復興相、内堀知事、吉田栄光町長らと,,11時29分　同町の日本料理店「味感さとう」。復興相、内堀知事、吉田栄光町長らと会食。
3224,2023-03-30,18時9分　公邸。10分　イスラム諸国の駐日大使らとの食事会「イフタール」。50分　東京・丸の内のパレスホテル東京。日本料理店「和田倉」で林外相、関口参院議員会長、世耕参院幹事長と会食。,日本料理店「和田倉」で林外相、関口参院議員会長、世耕参院幹事長と,,
3229,2023-03-29,11時14分　山谷えり子党拉致問題対策本部長。59分　山口那津男公明党代表と会食。,山口那津男公明党代表と,,11時14分　山谷えり子党拉致問題対策本部長。59分　山口那津男公明党代表と会食。
3263,2023-03-26,18時11分　宴会場「ペリドット」で阪急阪神ホールディングス会長らと会食。,宴会場「ペリドット」で阪急阪神ホールディングス会長らと,,
3303,2023-03-19,12時16分　広島市中区の広島国際会議場。18分　会議室「ラン」で中本隆志広島県議会議長らと会食。59分　多目的ホール「フェニックスホール」で自身の後援会の互礼会に出席し、あいさつ。,会議室「ラン」で中本隆志広島県議会議長らと,,
3323,2023-03-17,12時3分　東京・虎ノ門のホテル「The Okura Tokyo」。日本料理店「山里」で麻生副総裁、茂木幹事長、松野官房長官と会食。,日本料理店「山里」で麻生副総裁、茂木幹事長、松野官房長官と,,
3340,2023-03-16,21時11分　東京・銀座の洋食店「煉瓦（れんが）亭」。16分　尹大統領と会食。,尹大統領と,,21時11分　東京・銀座の洋食店「煉瓦（れんが）亭」。16分　尹大統領と会食。
3350,2023-03-15,18時21分　世耕参院幹事長らから物価高対策に関する提言書受け取り。49分　東京・赤坂の日本料理店「赤坂梢」。元宿仁党本部事務総長と会食。,元宿仁党本部事務総長と,,18時21分　世耕参院幹事長らから物価高対策に関する提言書受け取り。49分　東京・赤坂の日本料理店「赤坂梢」。元宿仁党本部事務総長と会食。
3360,2023-03-14,18時25分　東京・日比谷公園のフランス料理店「日比谷パレス」。山田孝男毎日新聞社特別編集委員、小田尚読売新聞東京本社調査研究本部客員研究員、芹川洋一日本経済新聞社論説フェロー、島田敏男NHK放送文化研究所エグゼクティブ・リード、粕谷賢之日本テレビ取締役常務執行役員、政治ジャーナリストの田崎史郎氏と会食。,山田孝男毎日新聞社特別編集委員、小田尚読売新聞東京本社調査研究本部客員研究員、芹川洋一日本経済新聞社論説フェロー、島田敏男NHK放送文化研究所エグゼクティブ・リード、粕谷賢之日本テレビ取締役常務執行役員、政治ジャーナリストの田崎史郎氏と,,18時25分　東京・日比谷公園のフランス料理店「日比谷パレス」。山田孝男毎日新聞社特別編集委員、小田尚読売新聞東京本社調査研究本部客員研究員、芹川洋一日本経済新聞社論説フェロー、島田敏男NHK放送文化研究所エグゼクティブ・リード、粕谷賢之日本テレビ取締役常務執行役員、政治ジャーナリストの田崎史郎氏と会食。
3400,2023-03-09,18時21分　報道各社のインタビュー。27分　東京・平河町の日本料理店「下関春帆楼　東京店」。国井正幸全国農業会議所会長らと会食。,国井正幸全国農業会議所会長らと,,18時21分　報道各社のインタビュー。27分　東京・平河町の日本料理店「下関春帆楼　東京店」。国井正幸全国農業会議所会長らと会食。
3408,2023-03-08,18時1分　東京・永田町のザ・キャピトルホテル東急。宴会場「鳳凰」で党と各種団体の懇談会に出席し、あいさつ。29分　東京・赤坂の焼肉店「叙々苑游玄亭赤坂」。衆院予算委員会の根本匠委員長、小林鷹之理事らと会食。松野官房長官同席。,衆院予算委員会の根本匠委員長、小林鷹之理事らと,松野官房長官同席,18時1分　東京・永田町のザ・キャピトルホテル東急。宴会場「鳳凰」で党と各種団体の懇談会に出席し、あいさつ。29分　東京・赤坂の焼肉店「叙々苑游玄亭赤坂」。衆院予算委員会の根本匠委員長、小林鷹之理事らと会食。松野官房長官同席。
3437,2023-03-05,18時12分　宴会場「錦雲閣」で出席者と記念撮影。28分　宴会場「錦竜」で党山口県第2選挙区支部の柳居俊学選対本部長らと会食。,宴会場「錦竜」で党山口県第2選挙区支部の柳居俊学選対本部長らと,,
3452,2023-03-03,18時2分　内閣情報官。15分　モンゴルのザンダンシャタル国家大会議長の表敬。木原官房副長官同席。40分　東京・霞が関のビル「霞が関コモンゲート西館」。同ビル内の「霞山会館」で古賀篤衆院議員ら岸田派の若手議員と会食。,同ビル内の「霞山会館」で古賀篤衆院議員ら岸田派の若手議員と,,
3475,2023-02-27,18時12分　東京・元赤坂の明治記念館。宴会場「末広の間」で党鉄道議員連盟の細田博之会長ら所属国会議員、JR各社社長らと会食。,宴会場「末広の間」で党鉄道議員連盟の細田博之会長ら所属国会議員、JR各社社長らと,,
3476,2023-02-27,19時38分　東京・銀座の日本料理店「銀座　結絆」。森山選対委員長、広報本部長、金子恭之元総務相、坂本哲志元地方創生相と会食。,森山選対委員長、広報本部長、金子恭之元総務相、坂本哲志元地方創生相と,,19時38分　東京・銀座の日本料理店「銀座　結絆」。森山選対委員長、広報本部長、金子恭之元総務相、坂本哲志元地方創生相と会食。
3507,2023-02-21,12時1分　山口那津男公明党代表と会食。,山口那津男公明党代表と,,12時1分　山口那津男公明党代表と会食。
3520,2023-02-20,19時9分　東京・赤坂の洋食店「赤坂津つ井　総本店」。武井外務副大臣ら岸田派の若手議員と会食。39分　東京・丸の内のパレスホテル東京。日本料理店「和田倉」で黒岩祐治神奈川県知事と会食。,武井外務副大臣ら岸田派の若手議員と,,19時9分　東京・赤坂の洋食店「赤坂津つ井　総本店」。武井外務副大臣ら岸田派の若手議員と会食。39分　東京・丸の内のパレスホテル東京。日本料理店「和田倉」で黒岩祐治神奈川県知事と会食。
3537,2023-02-17,12時5分　東京・紀尾井町のホテルニューオータニ。日本料理店「千羽鶴」で麻生副総裁、茂木幹事長、松野官房長官と会食。,日本料理店「千羽鶴」で麻生副総裁、茂木幹事長、松野官房長官と,,
3546,2023-02-16,18時27分　東京・麻布台の米沢牛専門店「雅山」。山口衆院議院運営委員長、高木国対委員長らと会食。松野官房長官同席。,山口衆院議院運営委員長、高木国対委員長らと,松野官房長官同席,18時27分　東京・麻布台の米沢牛専門店「雅山」。山口衆院議院運営委員長、高木国対委員長らと会食。松野官房長官同席。
3564,2023-02-12,18時4分　イスラエルのネタニヤフ首相と電話。53分　東京・銀座の日本料理店「新ばし金田中」。青柳俊彦JR九州会長、瓜生道明九州電力会長らと会食。,青柳俊彦JR九州会長、瓜生道明九州電力会長らと,,18時4分　イスラエルのネタニヤフ首相と電話。53分　東京・銀座の日本料理店「新ばし金田中」。青柳俊彦JR九州会長、瓜生道明九州電力会長らと会食。
3588,2023-02-08,18時34分　東京・四谷の日本料理「りゅう庵」。麻生副総裁、茂木幹事長と会食。,麻生副総裁、茂木幹事長と,,18時34分　東京・四谷の日本料理「りゅう庵」。麻生副総裁、茂木幹事長と会食。
3599,2023-02-06,7時52分　公邸発。58分　東京・日比谷公園のフランス料理店「日比谷パレス」。亀澤宏規三菱UFJフィナンシャル・グループ社長ら財界人と会食。,亀澤宏規三菱UFJフィナンシャル・グループ社長ら財界人と,,7時52分　公邸発。58分　東京・日比谷公園のフランス料理店「日比谷パレス」。亀澤宏規三菱UFJフィナンシャル・グループ社長ら財界人と会食。
3608,2023-02-06,18時33分　東京・西麻布の日本料理店「ときわ」。萩生田政調会長、ジャーナリストの桜井よしこ氏と会食。,萩生田政調会長、ジャーナリストの桜井よしこ氏と,,18時33分　東京・西麻布の日本料理店「ときわ」。萩生田政調会長、ジャーナリストの桜井よしこ氏と会食。
3616,2023-02-04,12時13分　福井県永平寺町の宿泊施設「永平寺　親禅の宿　柏樹関」。日本料理店「水仙」で地方創生相、杉本達治福井県知事らと会食。,日本料理店「水仙」で地方創生相、杉本達治福井県知事らと,,
3620,2023-02-04,16時13分　報道各社のインタビュー。49分　福井県あわら市の旅館「光風湯圃べにや」。杉本知事ら福井県関係者と会食。,杉本知事ら福井県関係者と,,16時13分　報道各社のインタビュー。49分　福井県あわら市の旅館「光風湯圃べにや」。杉本知事ら福井県関係者と会食。
3629,2023-02-03,19時28分　東京・赤坂の日本料理店「津やま」。木原官房副長官と会食。,木原官房副長官と,,19時28分　東京・赤坂の日本料理店「津やま」。木原官房副長官と会食。
3691,2023-01-25,18時　東京・芝公園の東京プリンスホテル。宴会場「鳳凰の間」で日印協会創立120周年記念レセプションに出席し、あいさつ。21分　東京・紀尾井町の日本料理店「福田家」。十倉雅和経団連会長、三村明夫日本商工会議所前会頭らと会食。,十倉雅和経団連会長、三村明夫日本商工会議所前会頭らと,,18時　東京・芝公園の東京プリンスホテル。宴会場「鳳凰の間」で日印協会創立120周年記念レセプションに出席し、あいさつ。21分　東京・紀尾井町の日本料理店「福田家」。十倉雅和経団連会長、三村明夫日本商工会議所前会頭らと会食。
3694,2023-01-24,11時18分　松本総務相、加藤厚労相、河野デジタル相、藤井官房副長官補、デジタル庁の赤石デジタル審議官、村上国民向けサービスグループ長、総務省の内藤総務審議官、大村地域力創造審議官、吉川自治行政局長、菊池出入国在留管理庁長官、厚労省の大島次官、伊原保険局長。58分　山口那津男公明党代表と会食。,山口那津男公明党代表と,,11時18分　松本総務相、加藤厚労相、河野デジタル相、藤井官房副長官補、デジタル庁の赤石デジタル審議官、村上国民向けサービスグループ長、総務省の内藤総務審議官、大村地域力創造審議官、吉川自治行政局長、菊池出入国在留管理庁長官、厚労省の大島次官、伊原保険局長。58分　山口那津男公明党代表と会食。
3719,2023-01-20,12時4分　東京・虎ノ門のホテル「The Okura Tokyo」。日本料理店「山里」で麻生副総裁、茂木幹事長、松野官房長官と会食。,日本料理店「山里」で麻生副総裁、茂木幹事長、松野官房長官と,,
3738,2023-01-18,18時3分　東京・築地の日本料理店「新喜楽」。宮沢税調会長、寺田稔前総務相、湯崎英彦広島県知事、松井一実広島市長、山本慶一朗中国新聞社社主兼取締役らと会食。,宮沢税調会長、寺田稔前総務相、湯崎英彦広島県知事、松井一実広島市長、山本慶一朗中国新聞社社主兼取締役らと,,18時3分　東京・築地の日本料理店「新喜楽」。宮沢税調会長、寺田稔前総務相、湯崎英彦広島県知事、松井一実広島市長、山本慶一朗中国新聞社社主兼取締役らと会食。
3745,2023-01-17,18時33分　東京・紀尾井町のホテル「ザ・プリンスギャラリー東京紀尾井町」。レストラン「All-Day Dining OASIS GARDEN」で関根正裕商工中金社長らと会食。,レストラン「All-Day Dining OASIS GARDEN」で関根正裕商工中金社長らと,,
3752,2023-01-16,18時34分　東京・銀座の日本料理店「銀座つる」。日本歯科医師連盟の高橋英登会長、村上恵一副会長らと会食。,日本歯科医師連盟の高橋英登会長、村上恵一副会長らと,,18時34分　東京・銀座の日本料理店「銀座つる」。日本歯科医師連盟の高橋英登会長、村上恵一副会長らと会食。
3812,2023-01-05,18時29分　東京・赤坂の日本料理店「赤坂浅田」。森山選対委員長と会食。,森山選対委員長と,,18時29分　東京・赤坂の日本料理店「赤坂浅田」。森山選対委員長と会食。
3862,2022-12-27,18時52分　東京・高輪のグランドプリンスホテル高輪。「鉄板焼　しゃぶしゃぶ　ステーキハウス　桂」で関口参院議員会長と会食。,桂」で関口参院議員会長と,,
3896,2022-12-22,19時1分　東京・紀尾井町のホテルニューオータニ。宴会場「AKEBONO」で小池孝湖池屋会長と会食。,宴会場「AKEBONO」で小池孝湖池屋会長と,,
3905,2022-12-21,18時3分　東京・平河町のホテル「ルポール麴町」。宴会場「マーブル」で政治解説者の篠原文也氏の懇親会に出席し、あいさつ。24分　東京・虎ノ門のホテル「The Okura Tokyo」。レストラン「オーキッド」で経産相、日枝久フジサンケイグループ代表と会食。,レストラン「オーキッド」で経産相、日枝久フジサンケイグループ代表と,,
3916,2022-12-20,18時30分　公邸。各府省庁の政務官と会食。松野、磯崎正副官房長官同席。,各府省庁の政務官と,松野、磯崎正副官房長官同席,18時30分　公邸。各府省庁の政務官と会食。松野、磯崎正副官房長官同席。
3927,2022-12-19,19時9分　報道各社のインタビュー。26分　東京・銀座の日本料理店「銀波―GINPA―銀座店」。広島県議会の中本隆志議長らと会食。,広島県議会の中本隆志議長らと,,19時9分　報道各社のインタビュー。26分　東京・銀座の日本料理店「銀波―GINPA―銀座店」。広島県議会の中本隆志議長らと会食。
3941,2022-12-15,18時6分　東京・紀尾井町のホテルニューオータニ。宴会場「翠鳳の間」で東京都議会党特別総会に出席し、あいさつ。43分　東京・高輪の高輪館。日本テレビの大久保好男顧問、杉山美邦会長、石沢顕社長、粕谷賢之取締役常務執行役員と会食。,日本テレビの大久保好男顧問、杉山美邦会長、石沢顕社長、粕谷賢之取締役常務執行役員と,,18時6分　東京・紀尾井町のホテルニューオータニ。宴会場「翠鳳の間」で東京都議会党特別総会に出席し、あいさつ。43分　東京・高輪の高輪館。日本テレビの大久保好男顧問、杉山美邦会長、石沢顕社長、粕谷賢之取締役常務執行役員と会食。
3953,2022-12-13,12時1分　山口那津男公明党代表と会食。,山口那津男公明党代表と,,12時1分　山口那津男公明党代表と会食。
3959,2022-12-13,19時9分　東京・南麻布の日本料理店「有栖川清水」。関根正裕商工中金社長らと会食。,関根正裕商工中金社長らと,,19時9分　東京・南麻布の日本料理店「有栖川清水」。関根正裕商工中金社長らと会食。
4013,2022-12-07,18時31分　東京・紀尾井町の中国料理店「赤坂維新號」。岸田文雄福井後援会会長らと会食。,岸田文雄福井後援会会長らと,,18時31分　東京・紀尾井町の中国料理店「赤坂維新號」。岸田文雄福井後援会会長らと会食。
4023,2022-12-06,19時55分　東京・日本橋室町の「日本橋室町三井タワー」。同ビル内の「東京アメリカンクラブ日本橋」で医療法人桐和会の岡本和久理事長ら東京・開成高出身者と会食。,同ビル内の「東京アメリカンクラブ日本橋」で医療法人桐和会の岡本和久理事長ら東京・開成高出身者と,,
4033,2022-12-05,19時25分　東京・紀尾井町のホテルニューオータニ。日本料理店「なだ万本店山茶花荘」で小路明善アサヒグループホールディングス会長、永野毅東京海上ホールディングス会長、小堀秀毅旭化成会長と会食。,日本料理店「なだ万本店山茶花荘」で小路明善アサヒグループホールディングス会長、永野毅東京海上ホールディングス会長、小堀秀毅旭化成会長と,,
4091,2022-11-27,11時38分　公邸発。45分　東京・内幸町の帝国ホテル。フランス料理店「レ　セゾン」で世耕参院幹事長と会食。,セゾン」で世耕参院幹事長と,,
4106,2022-11-25,19時20分　東京・銀座の日本料理店「加賀屋銀座店」。萩生田政調会長と会食。,萩生田政調会長と,,19時20分　東京・銀座の日本料理店「加賀屋銀座店」。萩生田政調会長と会食。
4112,2022-11-24,12時8分　浜田防衛相と会食。,浜田防衛相と,,12時8分　浜田防衛相と会食。
4119,2022-11-24,19時　東京・芝公園の東京タワー。「不屈の政治家　安倍晋三写真展」を鑑賞。23分　報道各社のインタビュー。38分　公邸。57分　東京・虎ノ門のホテル「The Okura Tokyo」。日本料理店「山里」で麻生副総裁と会食。,日本料理店「山里」で麻生副総裁と,,
4135,2022-11-22,19時7分　東京・赤坂の日本料理店「赤坂あじさい」。遠藤総務会長、塩谷立安倍派会長代理、平沢勝栄元復興相、鴨下一郎元衆院議員、田野瀬良太郎元衆院議員、小池百合子東京都知事と会食。,遠藤総務会長、塩谷立安倍派会長代理、平沢勝栄元復興相、鴨下一郎元衆院議員、田野瀬良太郎元衆院議員、小池百合子東京都知事と,,19時7分　東京・赤坂の日本料理店「赤坂あじさい」。遠藤総務会長、塩谷立安倍派会長代理、平沢勝栄元復興相、鴨下一郎元衆院議員、田野瀬良太郎元衆院議員、小池百合子東京都知事と会食。
4139,2022-11-21,12時10分　松本氏に総務相の補職辞令交付。記念撮影。29分　山口那津男公明党代表と会食。,山口那津男公明党代表と,,12時10分　松本氏に総務相の補職辞令交付。記念撮影。29分　山口那津男公明党代表と会食。
4142,2022-11-21,18時41分　東京・戸塚町の早稲田大大隈庭園。同敷地内の「完之荘」で、早稲田大の田中愛治総長、鎌田薫元総長、森喜朗元首相、青木幹雄元参院議員会長、小渕優子、亀岡偉民、山本有二、渡辺博道各衆院議員、青木一彦参院議員らと会食。,同敷地内の「完之荘」で、早稲田大の田中愛治総長、鎌田薫元総長、森喜朗元首相、青木幹雄元参院議員会長、小渕優子、亀岡偉民、山本有二、渡辺博道各衆院議員、青木一彦参院議員らと,,
4209,2022-11-04,11時　外務次官。10分　米シンクタンク外交問題評議会のハース会長。国家安全保障局長同席。50分　東京・丸の内のパレスホテル東京。中国料理店「琥珀宮」で麻生副総裁、茂木幹事長と会食。,中国料理店「琥珀宮」で麻生副総裁、茂木幹事長と,,
4216,2022-11-04,18時8分　スナク英首相と電話。43分　東京・六本木の泉ガーデンタワー。同ビル内の「住友会館」で経団連の十倉雅和会長、平野信行、渡辺光一郎、篠原弘道、大橋徹二、安永竜夫、久保田政一各副会長と会食。,同ビル内の「住友会館」で経団連の十倉雅和会長、平野信行、渡辺光一郎、篠原弘道、大橋徹二、安永竜夫、久保田政一各副会長と,,
4230,2022-11-02,19時8分　東京・赤坂の日本料理店「ざくろTBS店」。根本匠衆院予算委員長や党の衆院予算委理事らと会食。松野官房長官同席。,根本匠衆院予算委員長や党の衆院予算委理事らと,松野官房長官同席,19時8分　東京・赤坂の日本料理店「ざくろTBS店」。根本匠衆院予算委員長や党の衆院予算委理事らと会食。松野官房長官同席。
4246,2022-10-31,18時31分　東京・東麻布の中国料理店「富麗華」。二階俊博元幹事長、林幹雄元幹事長代理、元宿仁党本部事務総長と会食。根本岸田派事務総長同席。,二階俊博元幹事長、林幹雄元幹事長代理、元宿仁党本部事務総長と,根本岸田派事務総長同席,18時31分　東京・東麻布の中国料理店「富麗華」。二階俊博元幹事長、林幹雄元幹事長代理、元宿仁党本部事務総長と会食。根本岸田派事務総長同席。
4251,2022-10-29,18時3分　東京・高輪のグランドプリンスホテル高輪。「鉄板焼　しゃぶしゃぶ　ステーキハウス　桂」で麻生副総裁と会食。,桂」で麻生副総裁と,,
4258,2022-10-27,18時26分　東京・東麻布の中国料理店「富麗華」。末松信介参院予算委員長、藤川参院国対委員長代理らと会食。松野、磯崎正副官房長官同席。,末松信介参院予算委員長、藤川参院国対委員長代理らと,松野、磯崎正副官房長官同席,18時26分　東京・東麻布の中国料理店「富麗華」。末松信介参院予算委員長、藤川参院国対委員長代理らと会食。松野、磯崎正副官房長官同席。
4325,2022-10-17,19時5分　東京・明石町の日本料理店「つきじ治作」。石井参院議院運営委員長、野上参院国対委員長、佐藤参院国対委員長代行、藤川参院国対委員長代理、松野、磯崎正副官房長官らと会食。,石井参院議院運営委員長、野上参院国対委員長、佐藤参院国対委員長代行、藤川参院国対委員長代理、松野、磯崎正副官房長官らと,,19時5分　東京・明石町の日本料理店「つきじ治作」。石井参院議院運営委員長、野上参院国対委員長、佐藤参院国対委員長代行、藤川参院国対委員長代理、松野、磯崎正副官房長官らと会食。
4340,2022-10-15,18時6分　山口那津男公明党代表と与党党首会談。19時6分　報道各社のインタビュー。25分　東京・西麻布の中国料理店「中国飯店　六本木店」。関口参院議員会長、世耕参院幹事長、松山参院政審会長、野上参院国対委員長、松野官房長官と会食。,関口参院議員会長、世耕参院幹事長、松山参院政審会長、野上参院国対委員長、松野官房長官と,,18時6分　山口那津男公明党代表と与党党首会談。19時6分　報道各社のインタビュー。25分　東京・西麻布の中国料理店「中国飯店　六本木店」。関口参院議員会長、世耕参院幹事長、松山参院政審会長、野上参院国対委員長、松野官房長官と会食。
4345,2022-10-12,11時30分　安全・安心なまちづくり関係功労者表彰式。58分　東京・紀尾井町のホテルニューオータニ。日本料理店「千羽鶴」で麻生副総裁、茂木幹事長、松野官房長官と会食。,日本料理店「千羽鶴」で麻生副総裁、茂木幹事長、松野官房長官と,,
4356,2022-10-11,12時1分　山口那津男公明党代表と会食。,山口那津男公明党代表と,,12時1分　山口那津男公明党代表と会食。
4364,2022-10-10,13時3分　同会場で表彰された牛を視察。選対委員長同行。15分　霧島国際音楽ホール。農相、選対委員長、江藤拓元農相らと会食。,農相、選対委員長、江藤拓元農相らと,,13時3分　同会場で表彰された牛を視察。選対委員長同行。15分　霧島国際音楽ホール。農相、選対委員長、江藤拓元農相らと会食。
4390,2022-10-07,18時51分　東京・赤坂の焼肉店「叙々苑游玄亭赤坂」で山口衆院議院運営委員長、高木国対委員長、御法川国対委員長代理、松野、木原正副官房長官と会食。,東京・赤坂の焼肉店「叙々苑游玄亭赤坂」で山口衆院議院運営委員長、高木国対委員長、御法川国対委員長代理、松野、木原正副官房長官と,,
4402,2022-10-06,18時37分　報道各社のインタビュー。52分　東京・赤坂の日本料理店「もりかわ」。茂木幹事長と会食。,茂木幹事長と,,18時37分　報道各社のインタビュー。52分　東京・赤坂の日本料理店「もりかわ」。茂木幹事長と会食。
4435,2022-10-03,18時10分　アキリーノ米インド太平洋軍司令官の表敬。54分　東京・虎ノ門のホテル「The Okura Tokyo」。飲食店「鉄板焼　さざんか」で世耕参院幹事長と会食。,さざんか」で世耕参院幹事長と,,
4463,2022-09-29,18時4分　東京・虎ノ門のホテル「The Okura Tokyo」。宴会場「ウィンザー」で日比野隆司大和証券会長、永井浩二野村証券会長、森田敏夫日本証券業協会会長らと会食。金田勝年、宮下一郎両衆院議員同席。,宴会場「ウィンザー」で日比野隆司大和証券会長、永井浩二野村証券会長、森田敏夫日本証券業協会会長らと,金田勝年、宮下一郎両衆院議員同席,
4533,2022-09-14,18時32分　東京・六本木の「ステーキハウスハマ　六本木本店」。萩生田政調会長、新藤政調会長代行、松本政調副会長と会食。,萩生田政調会長、新藤政調会長代行、松本政調副会長と,,18時32分　東京・六本木の「ステーキハウスハマ　六本木本店」。萩生田政調会長、新藤政調会長代行、松本政調副会長と会食。
4541,2022-09-13,18時5分　アラブ首長国連邦（UAE）のムハンマド大統領と電話。37分　東京・丸の内のパレスホテル東京。宴会場「芙蓉」で村井補佐官、盛山正仁衆院議員、松本正義関西経済連合会会長、鳥井信吾大阪商工会議所会頭、関西経済同友会の生駒京子、角元敬治両代表幹事と会食。,宴会場「芙蓉」で村井補佐官、盛山正仁衆院議員、松本正義関西経済連合会会長、鳥井信吾大阪商工会議所会頭、関西経済同友会の生駒京子、角元敬治両代表幹事と,,
4545,2022-09-12,12時1分　森山選対委員長と会食。,森山選対委員長と,,12時1分　森山選対委員長と会食。
4551,2022-09-12,18時16分　東京・麻布台の「東京アメリカンクラブ」。日本女性エグゼクティブ協会のセミナーに出席し、あいさつ。52分　東京・丸の内のパレスホテル東京。中国料理店「琥珀宮」で遠藤総務会長、江渡総務会長代行と会食。,中国料理店「琥珀宮」で遠藤総務会長、江渡総務会長代行と,,
4567,2022-09-09,18時21分　東京・銀座の日本料理店「新ばし松山」。日枝久フジサンケイグループ代表、茂木友三郎キッコーマン名誉会長と会食。,日枝久フジサンケイグループ代表、茂木友三郎キッコーマン名誉会長と,,18時21分　東京・銀座の日本料理店「新ばし松山」。日枝久フジサンケイグループ代表、茂木友三郎キッコーマン名誉会長と会食。
4575,2022-09-08,18時5分　報道各社のインタビュー。30分　東京・有楽町のすき焼き店「人形町今半有楽町店」。広島県議会の中本隆志議長、山崎正博県議らと会食。,広島県議会の中本隆志議長、山崎正博県議らと,,18時5分　報道各社のインタビュー。30分　東京・有楽町のすき焼き店「人形町今半有楽町店」。広島県議会の中本隆志議長、山崎正博県議らと会食。
4585,2022-09-06,18時33分　東京・銀座の日本料理店「加賀屋銀座店」。田村憲久元厚労相、盛山正仁衆院議員と会食。,田村憲久元厚労相、盛山正仁衆院議員と,,18時33分　東京・銀座の日本料理店「加賀屋銀座店」。田村憲久元厚労相、盛山正仁衆院議員と会食。
4610,2022-09-02,12時　山口那津男公明党代表と会食。,山口那津男公明党代表と,,12時　山口那津男公明党代表と会食。
4749,2022-08-03,18時20分　東京・虎ノ門のホテル「The Okura Tokyo」。日本料理店「山里」で森喜朗元首相、青木幹雄元官房長官、遠藤選対委員長、小渕組織運動本部長と会食。,日本料理店「山里」で森喜朗元首相、青木幹雄元官房長官、遠藤選対委員長、小渕組織運動本部長と,,
4791,2022-07-26,18時39分　東京・恵比寿のステーキ店「ピーター・ルーガー・ステーキハウス　東京」。半沢淳一、高島誠新旧全国銀行協会会長と会食。,半沢淳一、高島誠新旧全国銀行協会会長と,,18時39分　東京・恵比寿のステーキ店「ピーター・ルーガー・ステーキハウス　東京」。半沢淳一、高島誠新旧全国銀行協会会長と会食。
4801,2022-07-21,8時18分　公邸発。23分　東京・内幸町の帝国ホテル。フランス料理店「レ　セゾン」で秋山信将一橋大国際・公共政策大学院院長、岩間陽子政策研究大学院大教授、高見沢将林東大公共政策大学院客員教授、西田充長崎大教授、白石隆熊本県立大理事長と会食。寺田補佐官、海部外務省軍縮不拡散・科学部長同席。,セゾン」で秋山信将一橋大国際・公共政策大学院院長、岩間陽子政策研究大学院大教授、高見沢将林東大公共政策大学院客員教授、西田充長崎大教授、白石隆熊本県立大理事長と,寺田補佐官、海部外務省軍縮不拡散・科学部長同席,
4817,2022-07-20,18時36分　東京・銀座のブルガリ銀座タワー。レストラン「IL RISTORANTE LUCA FANTIN」で中村邦晴住友商事会長、山内隆司大成建設会長、玉木康裕タマホーム会長、柘植康英JR東海会長、本田勝東京メトロ会長、倉富純男西日本鉄道会長、菰田正信三井不動産社長らと会食。,レストラン「IL RISTORANTE LUCA FANTIN」で中村邦晴住友商事会長、山内隆司大成建設会長、玉木康裕タマホーム会長、柘植康英JR東海会長、本田勝東京メトロ会長、倉富純男西日本鉄道会長、菰田正信三井不動産社長らと,,
4821,2022-07-19,12時1分　山口那津男公明党代表と会食。,山口那津男公明党代表と,,12時1分　山口那津男公明党代表と会食。
4826,2022-07-19,18時33分　東京・丸の内のステーキ店「ウルフギャング・ステーキハウス」。上川陽子、赤沢亮正、山下貴司、宮崎政久各衆院議員と会食。,上川陽子、赤沢亮正、山下貴司、宮崎政久各衆院議員と,,18時33分　東京・丸の内のステーキ店「ウルフギャング・ステーキハウス」。上川陽子、赤沢亮正、山下貴司、宮崎政久各衆院議員と会食。
4843,2022-07-15,18時31分　東京・日比谷公園のフランス料理店「日比谷パレス」。山田孝男毎日新聞特別編集委員、小田尚読売新聞東京本社調査研究本部客員研究員、芹川洋一日本経済新聞社論説フェロー、島田敏男NHK放送文化研究所研究主幹、粕谷賢之日本テレビ取締役常務執行役員、政治ジャーナリストの田崎史郎氏と会食。,山田孝男毎日新聞特別編集委員、小田尚読売新聞東京本社調査研究本部客員研究員、芹川洋一日本経済新聞社論説フェロー、島田敏男NHK放送文化研究所研究主幹、粕谷賢之日本テレビ取締役常務執行役員、政治ジャーナリストの田崎史郎氏と,,18時31分　東京・日比谷公園のフランス料理店「日比谷パレス」。山田孝男毎日新聞特別編集委員、小田尚読売新聞東京本社調査研究本部客員研究員、芹川洋一日本経済新聞社論説フェロー、島田敏男NHK放送文化研究所研究主幹、粕谷賢之日本テレビ取締役常務執行役員、政治ジャーナリストの田崎史郎氏と会食。
4847,2022-07-14,19時13分　公邸。木原副長官、小野寺五典元防衛相と会食。,木原副長官、小野寺五典元防衛相と,,19時13分　公邸。木原副長官、小野寺五典元防衛相と会食。
4851,2022-07-13,11時30分　神田財務官。59分　東京・紀尾井町のホテルニューオータニ。日本料理店「千羽鶴」で麻生副総裁、茂木幹事長、松野官房長官と会食。,日本料理店「千羽鶴」で麻生副総裁、茂木幹事長、松野官房長官と,,
4910,2022-07-06,12時28分　同市の和食レストラン「あじ菜」。森内之保留青森県議と会食。,森内之保留青森県議と,,12時28分　同市の和食レストラン「あじ菜」。森内之保留青森県議と会食。
4937,2022-07-04,17時16分　同県長岡市の複合施設「アオーレ長岡」。街頭演説。52分　同市のそば店「越後長岡小嶋屋　殿町本店」。地元女性支援者と会食。,地元女性支援者と,,17時16分　同県長岡市の複合施設「アオーレ長岡」。街頭演説。52分　同市のそば店「越後長岡小嶋屋　殿町本店」。地元女性支援者と会食。
4959,2022-07-01,13時33分　沖縄市の沖縄そば店「米八そば」。地元の高校生や大学生らと会食。,地元の高校生や大学生らと,,13時33分　沖縄市の沖縄そば店「米八そば」。地元の高校生や大学生らと会食。
5023,2022-06-23,18時5分　松山市の複合ビル「いよてつ会館ビル」前。街頭演説。54分　松山空港。レストラン「シェフズキッチン」で井原巧、塩崎彰久、長谷川淳二各衆院議員、三宅浩正党愛媛県連幹事長と会食。,レストラン「シェフズキッチン」で井原巧、塩崎彰久、長谷川淳二各衆院議員、三宅浩正党愛媛県連幹事長と,,
5070,2022-06-17,12時34分　豊田章男日本自動車工業会会長、有馬浩二日本自動車部品工業会会長らと懇談。会食。,,,12時34分　豊田章男日本自動車工業会会長、有馬浩二日本自動車部品工業会会長らと懇談。会食。
5090,2022-06-16,18時32分　報道各社のインタビュー。37分　公邸。各府省庁の政務官と会食。松野官房長官同席。,各府省庁の政務官と,松野官房長官同席,18時32分　報道各社のインタビュー。37分　公邸。各府省庁の政務官と会食。松野官房長官同席。
5106,2022-06-14,11時13分　党本部。14分　茂木幹事長。40分　官邸。59分　山口那津男公明党代表と会食。,山口那津男公明党代表と,,11時13分　党本部。14分　茂木幹事長。40分　官邸。59分　山口那津男公明党代表と会食。
5112,2022-06-14,18時26分　公邸。各府省庁の副大臣と会食。松野、磯崎正副官房長官同席。,各府省庁の副大臣と,松野、磯崎正副官房長官同席,18時26分　公邸。各府省庁の副大臣と会食。松野、磯崎正副官房長官同席。
5118,2022-06-12,11時51分　広島市中区のリーガロイヤルホテル広島。宴会場「ダイヤモンドルーム」で湯崎英彦広島県知事、松井一実広島市長、池田晃治広島商工会議所会頭らと会食。,宴会場「ダイヤモンドルーム」で湯崎英彦広島県知事、松井一実広島市長、池田晃治広島商工会議所会頭らと,,
5127,20時5分　全日空684便で羽田空港。41分　公邸。,11時46分　東京・虎ノ門のホテル「The Okura Tokyo」。日本料理店「山里」で麻生副総裁、茂木幹事長、松野官房長官と会食。,日本料理店「山里」で麻生副総裁、茂木幹事長、松野官房長官と,,
5133,20時5分　全日空684便で羽田空港。41分　公邸。,19時1分　「The Okura Tokyo」。宴会場「平安の間」でアジア・パシフィック・イニシアティブの記念式典に出席し、あいさつ。37分　東京・紀尾井町のホテルニューオータニ。宴会場「ACERO」で高市政調会長、古屋政調会長代行、木原政調副会長らと会食。,宴会場「ACERO」で高市政調会長、古屋政調会長代行、木原政調副会長らと,,
5145,2022-06-09,8時15分　公邸発。21分　東京・内幸町の帝国ホテル。フランス料理店「レ　セゾン」で戸崎洋史日本国際問題研究所軍縮・科学技術センター所長、秋山信将一橋大国際・公共政策大学院院長、星野俊也大阪大大学院教授、長崎大の西田充教授、中村桂子准教授、合六強二松学舎大准教授、向和歌奈亜細亜大准教授と会食。寺田補佐官、海部外務省軍縮不拡散・科学部長同席。,セゾン」で戸崎洋史日本国際問題研究所軍縮・科学技術センター所長、秋山信将一橋大国際・公共政策大学院院長、星野俊也大阪大大学院教授、長崎大の西田充教授、中村桂子准教授、合六強二松学舎大准教授、向和歌奈亜細亜大准教授と,寺田補佐官、海部外務省軍縮不拡散・科学部長同席,
5163,2022-06-08,18時58分　東京・日本橋人形町の日本料理店「玄冶店　浜田家」。根本岸田派事務総長、堀内詔子前ワクチン相、古賀厚労副大臣、岩田経産政務官らと会食。,根本岸田派事務総長、堀内詔子前ワクチン相、古賀厚労副大臣、岩田経産政務官らと,,18時58分　東京・日本橋人形町の日本料理店「玄冶店　浜田家」。根本岸田派事務総長、堀内詔子前ワクチン相、古賀厚労副大臣、岩田経産政務官らと会食。
5174,2022-06-07,18時35分　東京・西麻布の中国料理店「中国飯店　六本木店」。遠藤選対委員長、高木国対委員長、山口俊一、江渡聡徳、土屋品子、渡辺博道各衆院議員、森雅子参院議員と会食。,遠藤選対委員長、高木国対委員長、山口俊一、江渡聡徳、土屋品子、渡辺博道各衆院議員、森雅子参院議員と,,18時35分　東京・西麻布の中国料理店「中国飯店　六本木店」。遠藤選対委員長、高木国対委員長、山口俊一、江渡聡徳、土屋品子、渡辺博道各衆院議員、森雅子参院議員と会食。
5185,2022-06-05,13時12分　同市の中華料理店「柳明」。根本匠衆院予算委員長、上杉謙太郎外務政務官と会食。,根本匠衆院予算委員長、上杉謙太郎外務政務官と,,13時12分　同市の中華料理店「柳明」。根本匠衆院予算委員長、上杉謙太郎外務政務官と会食。
5205,2022-06-03,19時10分　東京・大手町の読売新聞東京本社。ビューラウンジで渡辺恒雄読売新聞グループ本社代表取締役主筆、井上信治前科技相、城内実衆院議員と会食。,ビューラウンジで渡辺恒雄読売新聞グループ本社代表取締役主筆、井上信治前科技相、城内実衆院議員と,,
5247,2022-05-28,12時29分　甲府市の観光施設「幸せの丘ありあんす」。フランス料理店「レストラン　イチ」で長崎幸太郎県知事、森屋宏山梨県連会長、堀内詔子前ワクチン相らと会食。,イチ」で長崎幸太郎県知事、森屋宏山梨県連会長、堀内詔子前ワクチン相らと,,
5322,2022-05-20,18時35分　東京・銀座のすし店「銀座　鮨あらい」。茂木幹事長と会食。,茂木幹事長と,,18時35分　東京・銀座のすし店「銀座　鮨あらい」。茂木幹事長と会食。
5347,2022-05-17,11時5分　西村康稔前経財相。17分　中谷補佐官。44分　山口那津男公明党代表と会食。,山口那津男公明党代表と,,11時5分　西村康稔前経財相。17分　中谷補佐官。44分　山口那津男公明党代表と会食。
5353,2022-05-17,18時30分　東京・虎ノ門のホテル「The Okura Tokyo」。日本料理店「山里」で福岡参院議院運営委員長、岡田参院国対委員長、牧野参院国対委員長代行、藤川参院国対委員長代理、松野、磯崎正副官房長官と会食。,日本料理店「山里」で福岡参院議院運営委員長、岡田参院国対委員長、牧野参院国対委員長代行、藤川参院国対委員長代理、松野、磯崎正副官房長官と,,
5363,2022-05-16,18時56分　東京・虎ノ門のホテル「The Okura Tokyo」。飲食店「鉄板焼　さざんか」で山口衆院議院運営委員長、高木国対委員長、松野官房長官と会食。,さざんか」で山口衆院議院運営委員長、高木国対委員長、松野官房長官と,,
5383,2022-05-14,19時21分　同市のホテル「ザ・ナハテラス」。和食レストラン「真南風」で仲井真弘多元沖縄県知事、国場衆院議員、参院選立候補予定者の古謝玄太氏、石嶺伝一郎那覇商工会議所会頭、金城克也県経営者協会会長、知念克明沖電開発社長らと会食。,和食レストラン「真南風」で仲井真弘多元沖縄県知事、国場衆院議員、参院選立候補予定者の古謝玄太氏、石嶺伝一郎那覇商工会議所会頭、金城克也県経営者協会会長、知念克明沖電開発社長らと,,
5388,2022-05-13,11時44分　東京・紀尾井町のホテルニューオータニ。日本料理店「千羽鶴」で麻生副総裁、茂木幹事長、松野官房長官と会食。,日本料理店「千羽鶴」で麻生副総裁、茂木幹事長、松野官房長官と,,
5394,2022-05-13,18時1分　日本テレビの報道番組の収録。42分　東京・若葉のフランス料理店「オテル・ドゥ・ミクニ」。堀内詔子前ワクチン相、後藤厚労相、山際経財相、磯崎副長官と会食。,堀内詔子前ワクチン相、後藤厚労相、山際経財相、磯崎副長官と,,18時1分　日本テレビの報道番組の収録。42分　東京・若葉のフランス料理店「オテル・ドゥ・ミクニ」。堀内詔子前ワクチン相、後藤厚労相、山際経財相、磯崎副長官と会食。
5405,2022-05-11,8時16分　公邸発。23分　東京・内幸町の帝国ホテル。フランス料理店「レ　セゾン」で神保謙慶応大教授、樋川和子大阪女学院大教授、植木千可子早稲田大大学院教授、西田充長崎大教授、小泉崇広島平和文化センター理事長と会食。寺田補佐官、海部外務省軍縮不拡散・科学部長同席。,セゾン」で神保謙慶応大教授、樋川和子大阪女学院大教授、植木千可子早稲田大大学院教授、西田充長崎大教授、小泉崇広島平和文化センター理事長と,寺田補佐官、海部外務省軍縮不拡散・科学部長同席,
5425,2022-05-10,19時10分　東京・六本木のステーキ店「ウルフギャング・ステーキハウス」。岸田派の根本事務総長、吉川赳、金子俊平、国光文乃、西田昭二ら各衆院議員と会食。,岸田派の根本事務総長、吉川赳、金子俊平、国光文乃、西田昭二ら各衆院議員と,,19時10分　東京・六本木のステーキ店「ウルフギャング・ステーキハウス」。岸田派の根本事務総長、吉川赳、金子俊平、国光文乃、西田昭二ら各衆院議員と会食。
5506,2022-04-25,8時19分　公邸発。25分　東京・内幸町の帝国ホテル。フランス料理店「レ　セゾン」で白石隆熊本県立大理事長、高見沢将林東大公共政策大学院客員教授、小溝泰義前広島平和文化センター理事長、岩間陽子政策研究大学院大教授、秋山信将一橋大教授と会食。寺田補佐官同席。,セゾン」で白石隆熊本県立大理事長、高見沢将林東大公共政策大学院客員教授、小溝泰義前広島平和文化センター理事長、岩間陽子政策研究大学院大教授、秋山信将一橋大教授と,寺田補佐官同席,
5517,2022-04-25,19時5分　帝国ホテル。宴会場「雅の間」で茂木友三郎キッコーマン名誉会長、岩沙弘道三井不動産会長、片野坂真哉ANAホールディングス会長、金丸恭文フューチャー会長兼社長、小林喜光三菱ケミカルホールディングス取締役、新浪剛史サントリーホールディングス社長らと会食。,宴会場「雅の間」で茂木友三郎キッコーマン名誉会長、岩沙弘道三井不動産会長、片野坂真哉ANAホールディングス会長、金丸恭文フューチャー会長兼社長、小林喜光三菱ケミカルホールディングス取締役、新浪剛史サントリーホールディングス社長らと,,
5549,2022-04-22,19時7分　東京・銀座の日本料理店「加賀屋銀座店」。森山総務会長代行と会食。,森山総務会長代行と,,19時7分　東京・銀座の日本料理店「加賀屋銀座店」。森山総務会長代行と会食。
5564,2022-04-20,12時9分　山口那津男公明党代表と会食。,山口那津男公明党代表と,,12時9分　山口那津男公明党代表と会食。
5578,2022-04-18,18時4分　カシス大統領兼外相を見送り。9分　党本部。11分　党役員会。48分　パレスホテル東京。中国料理店「琥珀宮」で衆院予算委の根本委員長、今枝、西村、葉梨各理事と会食。官房長官同席。,中国料理店「琥珀宮」で衆院予算委の根本委員長、今枝、西村、葉梨各理事と,官房長官同席,
5612,2022-04-12,18時9分　東京・麻布台のイタリア料理店「レストランキャンティ　飯倉片町本店」。高市政調会長、古屋政調会長代行、木原副長官と会食。,高市政調会長、古屋政調会長代行、木原副長官と,,18時9分　東京・麻布台のイタリア料理店「レストランキャンティ　飯倉片町本店」。高市政調会長、古屋政調会長代行、木原副長官と会食。
5618,2022-04-10,17時54分　東京・高輪のグランドプリンスホテル高輪。「鉄板焼　しゃぶしゃぶ　ステーキハウス　桂」で安倍晋三元首相、萩生田経産相、松野官房長官と会食。,桂」で安倍晋三元首相、萩生田経産相、松野官房長官と,,
5628,20時30分　公邸。,18時24分　東京・猿楽町のフランス料理店「レストラン・パッション」。副総裁、都倉文化庁長官と会食。,副総裁、都倉文化庁長官と,,18時24分　東京・猿楽町のフランス料理店「レストラン・パッション」。副総裁、都倉文化庁長官と会食。
5632,2022-04-09,11時52分　神戸市中央区の神戸ポートピアホテル。客室で斎藤元彦兵庫県知事、久元喜造神戸市長、盛山正仁衆院議員と会食。,客室で斎藤元彦兵庫県知事、久元喜造神戸市長、盛山正仁衆院議員と,,
5637,2022-04-09,16時41分　兵庫県尼崎市の阪神高速神戸線尼崎パーキングエリア。休憩。53分　大阪市北区のリーガロイヤルホテル大阪。宴会場「山楽の間」で自身の関西後援会設立会合に出席し、講演。宴会場「クラウンルーム」で角和夫阪急阪神ホールディングス会長、松本正義関西経済連合会会長らと会食。,宴会場「クラウンルーム」で角和夫阪急阪神ホールディングス会長、松本正義関西経済連合会会長らと,,
5648,2022-04-08,19時38分　東京・東麻布の中国料理店「富麗華」。森喜朗元首相、松山参院議員、小林温元参院議員と会食。,森喜朗元首相、松山参院議員、小林温元参院議員と,,19時38分　東京・東麻布の中国料理店「富麗華」。森喜朗元首相、松山参院議員、小林温元参院議員と会食。
5659,2022-04-07,19時15分　東京・大手町の大手町パークビルディング。会員制クラブ「クラブ関東」で村岡彰敏読売新聞東京本社副社長、原田亮介日本経済新聞社論説主幹、梅野修元共同通信社編集局長、渡辺祐司時事通信社主筆、小菅洋人スポーツニッポン新聞社社長、赤座弘一静岡第一テレビ社長と会食。,会員制クラブ「クラブ関東」で村岡彰敏読売新聞東京本社副社長、原田亮介日本経済新聞社論説主幹、梅野修元共同通信社編集局長、渡辺祐司時事通信社主筆、小菅洋人スポーツニッポン新聞社社長、赤座弘一静岡第一テレビ社長と,,
5687,2022-04-01,12時45分　東京・虎ノ門のホテル「The Okura Tokyo」。日本料理店「山里」で麻生副総裁、茂木幹事長、松野官房長官と会食。,日本料理店「山里」で麻生副総裁、茂木幹事長、松野官房長官と,,
5692,2022-04-01,18時27分　東京・丸の内のパレスホテル東京。日本料理店「和田倉」で二階俊博元幹事長、林幹雄元幹事長代理、山口環境相、根本匠衆院予算委員長、木原副長官と会食。,日本料理店「和田倉」で二階俊博元幹事長、林幹雄元幹事長代理、山口環境相、根本匠衆院予算委員長、木原副長官と,,
5693,2022-03-31,7時21分　公邸発。26分　東京・虎ノ門のホテル「The Okura Tokyo」。フランス料理店「ヌーヴェル・エポック」で経済財政諮問会議の十倉雅和、中空麻奈、新浪剛史、柳川範之各民間議員と会食。山際経財相、田和内閣府次官同席。,フランス料理店「ヌーヴェル・エポック」で経済財政諮問会議の十倉雅和、中空麻奈、新浪剛史、柳川範之各民間議員と,山際経財相、田和内閣府次官同席,
5701,2022-03-31,19時28分　東京・恵比寿のステーキ店「ピーター・ルーガー・ステーキハウス　東京」。経財相、小林経済安保相、木原副長官、甘利前幹事長と会食。,経財相、小林経済安保相、木原副長官、甘利前幹事長と,,19時28分　東京・恵比寿のステーキ店「ピーター・ルーガー・ステーキハウス　東京」。経財相、小林経済安保相、木原副長官、甘利前幹事長と会食。
5706,2022-03-30,12時1分　黒田東彦日銀総裁と会食。,黒田東彦日銀総裁と,,12時1分　黒田東彦日銀総裁と会食。
5712,2022-03-30,18時55分　東京・六本木の泉ガーデンタワー。同ビル内の「住友会館」で経団連の十倉雅和会長、隅修三、冨田哲郎、中村邦晴、久保田政一各副会長と会食。,同ビル内の「住友会館」で経団連の十倉雅和会長、隅修三、冨田哲郎、中村邦晴、久保田政一各副会長と,,
5723,2022-03-29,18時　東京・紀尾井町の日本料理店「福田家」。十倉雅和経団連会長、三村明夫日本商工会議所会頭、井阪隆一セブン&アイ・ホールディングス社長、宮永俊一三菱重工業会長、国部毅三井住友フィナンシャルグループ会長、飯島彰己三井物産顧問と会食。,十倉雅和経団連会長、三村明夫日本商工会議所会頭、井阪隆一セブン&アイ・ホールディングス社長、宮永俊一三菱重工業会長、国部毅三井住友フィナンシャルグループ会長、飯島彰己三井物産顧問と,,18時　東京・紀尾井町の日本料理店「福田家」。十倉雅和経団連会長、三村明夫日本商工会議所会頭、井阪隆一セブン&アイ・ホールディングス社長、宮永俊一三菱重工業会長、国部毅三井住友フィナンシャルグループ会長、飯島彰己三井物産顧問と会食。
5757,2022-03-23,12時1分　山口那津男公明党代表と会食。,山口那津男公明党代表と,,12時1分　山口那津男公明党代表と会食。
5776,2022-03-22,19時1分　東京・雷門の鳥料理店「鷹匠寿」。茂木幹事長、梶山幹事長代行、木原官房副長官と会食。,茂木幹事長、梶山幹事長代行、木原官房副長官と,,19時1分　東京・雷門の鳥料理店「鷹匠寿」。茂木幹事長、梶山幹事長代行、木原官房副長官と会食。
6103,2022-02-08,11時1分　石井啓一公明党幹事長らから新型コロナウイルス対策に関する提言書受け取り。29分　秋葉国家安全保障局長、外務省の森次官、船越アジア大洋州局長。44分　国家安全保障局長、外務省の次官、海部軍縮不拡散・科学部長。58分　山口那津男公明党代表と会食。,山口那津男公明党代表と,,11時1分　石井啓一公明党幹事長らから新型コロナウイルス対策に関する提言書受け取り。29分　秋葉国家安全保障局長、外務省の森次官、船越アジア大洋州局長。44分　国家安全保障局長、外務省の次官、海部軍縮不拡散・科学部長。58分　山口那津男公明党代表と会食。
6126,2022-02-04,12時13分　東京・紀尾井町のホテルニューオータニ。日本料理店「千羽鶴」で麻生副総裁、松野官房長官と会食。,日本料理店「千羽鶴」で麻生副総裁、松野官房長官と,,
6214,2022-01-24,19時17分　東京・六本木の「ステーキハウスハマ　六本木本店」。福田総務会長、森山総務会長代行と会食。,福田総務会長、森山総務会長代行と,,19時17分　東京・六本木の「ステーキハウスハマ　六本木本店」。福田総務会長、森山総務会長代行と会食。
6228,2022-01-21,18時13分　古賀篤衆院議員。34分　東京・虎ノ門のホテル「The Okura Tokyo」。中国料理店「桃花林」で木原官房副長官と会食。,中国料理店「桃花林」で木原官房副長官と,,
6280,2022-01-15,18時29分　東京・明石町の日本料理店「つきじ治作」。山際経財相、木原官房副長官、甘利明前幹事長と会食。,山際経財相、木原官房副長官、甘利明前幹事長と,,18時29分　東京・明石町の日本料理店「つきじ治作」。山際経財相、木原官房副長官、甘利明前幹事長と会食。
6282,2022-01-14,7時21分　公邸発。23分　東京・永田町のザ・キャピトルホテル東急。日本料理店「水簾」で木原官房副長官と会食。,日本料理店「水簾」で木原官房副長官と,,
6292,2022-01-14,18時22分　東京・虎ノ門のホテル「The Okura Tokyo」。日本料理店「山里」で高市政調会長、古屋政調会長代行、木原政調副会長と会食。,日本料理店「山里」で高市政調会長、古屋政調会長代行、木原政調副会長と,,
6305,2022-01-13,19時4分　東京・丸の内のパレスホテル東京。中国料理店「琥珀宮」で武藤敏郎東京五輪・パラリンピック組織委員会事務総長、熊谷参与と会食。,中国料理店「琥珀宮」で武藤敏郎東京五輪・パラリンピック組織委員会事務総長、熊谷参与と,,
6313,2022-01-12,18時20分　東京・虎ノ門のホテル「The Okura Tokyo」。日本料理店「山里」で芳井敬一大和ハウス工業社長、奥村洋治フジタ社長と会食。,日本料理店「山里」で芳井敬一大和ハウス工業社長、奥村洋治フジタ社長と,,
6322,2022-01-11,18時10分　浅石道夫日本音楽著作権協会（JASRAC）理事長。47分　東京・丸の内のパレスホテル東京。日本料理店「和田倉」で安倍晋三元首相と会食。,日本料理店「和田倉」で安倍晋三元首相と,,
6343,2022-01-07,18時13分　東京・大手町の読売新聞東京本社。ビューラウンジで渡辺恒雄読売新聞グループ本社代表取締役主筆、小林経済安保相、城内実衆院議員と会食。,ビューラウンジで渡辺恒雄読売新聞グループ本社代表取締役主筆、小林経済安保相、城内実衆院議員と,,
6362,2022-01-05,18時26分　帝国ホテル。鉄板焼き店「嘉門」で副総裁、選対委員長と会食。,鉄板焼き店「嘉門」で副総裁、選対委員長と,,
6369,2022-01-04,18時36分　のぞみ34号でJR東京駅。55分　東京・永田町のザ・キャピトルホテル東急。中国料理店「星ケ岡」で垂秀夫駐中国大使と会食。,中国料理店「星ケ岡」で垂秀夫駐中国大使と,,
6398,2021-12-28,12時3分　中谷、村井、寺田、森各補佐官と会食。,中谷、村井、寺田、森各補佐官と,,12時3分　中谷、村井、寺田、森各補佐官と会食。
6416,2021-12-27,19時21分　東京・神田錦町の竹橋安田ビル。レストラン「四季交楽　然」で山田孝男毎日新聞特別編集委員、小田尚読売新聞東京本社調査研究本部客員研究員、芹川洋一日本経済新聞社論説フェロー、政治ジャーナリストの田崎史郎氏と会食。,然」で山田孝男毎日新聞特別編集委員、小田尚読売新聞東京本社調査研究本部客員研究員、芹川洋一日本経済新聞社論説フェロー、政治ジャーナリストの田崎史郎氏と,,
6419,2021-12-26,17時27分　東京・虎ノ門のホテル「The Okura Tokyo」。フランス料理店「ヌーヴェル・エポック」で山際経財相、小林経済安保相、木原官房副長官、甘利明前幹事長と会食。,フランス料理店「ヌーヴェル・エポック」で山際経財相、小林経済安保相、木原官房副長官、甘利明前幹事長と,,
6423,2021-12-25,17時3分　鈴木財務相、財務省の矢野次官、茶谷主計局長。54分　東京・高輪のグランドプリンスホテル高輪。「鉄板焼　しゃぶしゃぶ　ステーキハウス　桂」で財務相と会食。,桂」で財務相と,,
6440,2021-12-23,19時5分　東京・紀尾井町のホテル「ザ・プリンスギャラリー東京紀尾井町」。レストラン「WASHOKU　蒼天　SOUTEN」で松野、木原、磯崎、栗生正副官房長官と会食。,SOUTEN」で松野、木原、磯崎、栗生正副官房長官と,,
6447,2021-12-22,12時　山口那津男公明党代表と会食。,山口那津男公明党代表と,,12時　山口那津男公明党代表と会食。
6459,2021-12-21,12時18分　東京・紀尾井町のホテルニューオータニ。中国料理店「大観苑」で萩生田経産相と会食。57分　官邸。,中国料理店「大観苑」で萩生田経産相と,,
6469,2021-12-20,12時2分　木原官房副長官、国場幸之助、金子俊平、長谷川淳二各衆院議員と会食。45分　木原副長官、金子、長谷川両衆院議員。,木原官房副長官、国場幸之助、金子俊平、長谷川淳二各衆院議員と,,12時2分　木原官房副長官、国場幸之助、金子俊平、長谷川淳二各衆院議員と会食。45分　木原副長官、金子、長谷川両衆院議員。
6573,2021-12-07,12時　古川法相、牧島デジタル相、野田少子化相、消費者相と会食。,古川法相、牧島デジタル相、野田少子化相、消費者相と,,12時　古川法相、牧島デジタル相、野田少子化相、消費者相と会食。
6579,2021-12-07,18時15分　東京・銀座の日本料理店「新ばし金田中」。国分文也丸紅会長と会食。,国分文也丸紅会長と,,18時15分　東京・銀座の日本料理店「新ばし金田中」。国分文也丸紅会長と会食。
6602,2021-12-04,12時　自身の後援会のセミナーにオンラインで出席し、講演。44分　福島県の内堀雅雄知事、室井照平会津若松市長、中村彰二朗スーパーシティAiCTコンソーシアム代表理事、宮崎敏明会津大学長らと会食。,福島県の内堀雅雄知事、室井照平会津若松市長、中村彰二朗スーパーシティAiCTコンソーシアム代表理事、宮崎敏明会津大学長らと,,12時　自身の後援会のセミナーにオンラインで出席し、講演。44分　福島県の内堀雅雄知事、室井照平会津若松市長、中村彰二朗スーパーシティAiCTコンソーシアム代表理事、宮崎敏明会津大学長らと会食。
6611,2021-12-03,11時1分　東京・霞が関の中央合同庁舎7号館。教育未来創造会議担当室の看板掛け。末松文科相同席。11分　官邸。20分　宮沢税調会長。55分　東京・永田町のザ・キャピトルホテル東急。中国料理店「星ケ岡」で麻生副総裁、茂木幹事長、公明党の山口那津男代表、北側一雄副代表、石井啓一幹事長と会食。,中国料理店「星ケ岡」で麻生副総裁、茂木幹事長、公明党の山口那津男代表、北側一雄副代表、石井啓一幹事長と,,
6618,2021-12-03,19時21分　東京・紀尾井町のホテルニューオータニ。日本料理店「千羽鶴」で根本匠元厚労相、大西、左藤章両元衆院議員と会食。,日本料理店「千羽鶴」で根本匠元厚労相、大西、左藤章両元衆院議員と,,
6630,2021-12-01,11時6分　島田防衛次官。16分　前田匡史国際協力銀行総裁。59分　末松文科相、二之湯国家公安委員長、堀内ワクチン相と会食。,末松文科相、二之湯国家公安委員長、堀内ワクチン相と,,11時6分　島田防衛次官。16分　前田匡史国際協力銀行総裁。59分　末松文科相、二之湯国家公安委員長、堀内ワクチン相と会食。
6653,2021-11-29,19時16分　東京・銀座のイタリア料理店「リストランテ　クロディーノ」。小林デジタル副大臣、村井補佐官と会食。,小林デジタル副大臣、村井補佐官と,,19時16分　東京・銀座のイタリア料理店「リストランテ　クロディーノ」。小林デジタル副大臣、村井補佐官と会食。
6662,2021-11-27,13時1分　東部方面総監部庁舎で防衛相、防衛省の次官、統合幕僚長らと会食。,東部方面総監部庁舎で防衛相、防衛省の次官、統合幕僚長らと,,
6702,2021-11-22,11時1分　鈴木財務相、矢野財務次官。58分　東京・紀尾井町のホテルニューオータニ。日本料理店「千羽鶴」で麻生副総裁、茂木幹事長、松野官房長官と会食。,日本料理店「千羽鶴」で麻生副総裁、茂木幹事長、松野官房長官と,,
6726,2021-11-19,17時32分　臨時閣議。57分　公邸。木原官房副長官と会食。,木原官房副長官と,,17時32分　臨時閣議。57分　公邸。木原官房副長官と会食。
6740,2021-11-17,8時22分　東京・赤坂の衆院議員宿舎発。26分　東京・虎ノ門のホテル「The Okura Tokyo」。日本料理店「山里」で奥田健太郎野村証券社長、松本大マネックスグループ社長と会食。,日本料理店「山里」で奥田健太郎野村証券社長、松本大マネックスグループ社長と,,
6783,2021-11-12,12時5分　東京・永田町のザ・キャピトルホテル東急。中国料理店「星ケ岡」で小野寺五典元防衛相、保岡宏武衆院議員と会食。58分　官邸。,中国料理店「星ケ岡」で小野寺五典元防衛相、保岡宏武衆院議員と,,
6806,2021-11-10,11時30分　山口那津男公明党代表と会食。,山口那津男公明党代表と,,11時30分　山口那津男公明党代表と会食。
6850,2021-11-04,12時　黒田東彦日銀総裁と会食。,黒田東彦日銀総裁と,,12時　黒田東彦日銀総裁と会食。
